CREATE DATABASE  IF NOT EXISTS `myeong_urban` /*!40100 DEFAULT CHARACTER SET latin1 */;
USE `myeong_urban`;
-- MySQL dump 10.13  Distrib 5.5.16, for Win32 (x86)
--
-- Host: localhost    Database: myeong_urban
-- ------------------------------------------------------
-- Server version	5.5.24-log

/*!40101 SET @OLD_CHARACTER_SET_CLIENT=@@CHARACTER_SET_CLIENT */;
/*!40101 SET @OLD_CHARACTER_SET_RESULTS=@@CHARACTER_SET_RESULTS */;
/*!40101 SET @OLD_COLLATION_CONNECTION=@@COLLATION_CONNECTION */;
/*!40101 SET NAMES utf8 */;
/*!40103 SET @OLD_TIME_ZONE=@@TIME_ZONE */;
/*!40103 SET TIME_ZONE='+00:00' */;
/*!40014 SET @OLD_UNIQUE_CHECKS=@@UNIQUE_CHECKS, UNIQUE_CHECKS=0 */;
/*!40014 SET @OLD_FOREIGN_KEY_CHECKS=@@FOREIGN_KEY_CHECKS, FOREIGN_KEY_CHECKS=0 */;
/*!40101 SET @OLD_SQL_MODE=@@SQL_MODE, SQL_MODE='NO_AUTO_VALUE_ON_ZERO' */;
/*!40111 SET @OLD_SQL_NOTES=@@SQL_NOTES, SQL_NOTES=0 */;

--
-- Table structure for table `address`
--

DROP TABLE IF EXISTS `address`;
/*!40101 SET @saved_cs_client     = @@character_set_client */;
/*!40101 SET character_set_client = utf8 */;
CREATE TABLE `address` (
  `tfl_id` int(10) unsigned NOT NULL,
  `name` varchar(100) NOT NULL,
  `lat` decimal(12,10) NOT NULL,
  `lon` decimal(12,10) NOT NULL,
  PRIMARY KEY (`tfl_id`),
  UNIQUE KEY `tfl_id_UNIQUE` (`tfl_id`)
) ENGINE=InnoDB DEFAULT CHARSET=utf8;
/*!40101 SET character_set_client = @saved_cs_client */;

--
-- Dumping data for table `address`
--

LOCK TABLES `address` WRITE;
/*!40000 ALTER TABLE `address` DISABLE KEYS */;
INSERT INTO `address` VALUES (0,'Between 8200 and 8300, Baltimore Avenue (Route 1), College Park, MD',38.9922640000,-76.9332980000),(1,'Between 7300 and 7400, Baltimore Avenue (Route 1), College Park, MD',38.9805190000,-76.9379710000),(2,'Between 5200 and 5300, Baltimore Avenue (Route 1), Hyattsville, MD',38.9976260000,-76.9315950000),(3,'Between 7700 and 7800, Adelphi Road, Adelphi, MD',38.9850500000,-76.9555890000);
/*!40000 ALTER TABLE `address` ENABLE KEYS */;
UNLOCK TABLES;

--
-- Table structure for table `answers`
--

DROP TABLE IF EXISTS `answers`;
/*!40101 SET @saved_cs_client     = @@character_set_client */;
/*!40101 SET character_set_client = utf8 */;
CREATE TABLE `answers` (
  `id` int(10) unsigned NOT NULL AUTO_INCREMENT,
  `points_id` bigint(20) unsigned NOT NULL,
  `users_id` bigint(20) unsigned NOT NULL,
  `address_answer` int(10) unsigned DEFAULT NULL,
  `landmark_answer` varchar(4) DEFAULT NULL,
  `correctness` tinyint(4) NOT NULL,
  `familiarity_answer` int(10) unsigned NOT NULL,
  PRIMARY KEY (`id`),
  UNIQUE KEY `id_UNIQUE` (`id`),
  KEY `fk_answers_users1` (`users_id`),
  CONSTRAINT `fk_answers_users1` FOREIGN KEY (`users_id`) REFERENCES `users` (`id`) ON DELETE NO ACTION ON UPDATE NO ACTION
) ENGINE=InnoDB AUTO_INCREMENT=6 DEFAULT CHARSET=utf8;
/*!40101 SET character_set_client = @saved_cs_client */;

--
-- Dumping data for table `answers`
--

LOCK TABLES `answers` WRITE;
/*!40000 ALTER TABLE `answers` DISABLE KEYS */;
INSERT INTO `answers` VALUES (1,2,108,NULL,NULL,0,1),(2,2,108,NULL,NULL,0,5),(3,2,109,NULL,NULL,0,5),(4,1,110,NULL,NULL,0,4),(5,1,117,NULL,NULL,0,6);
/*!40000 ALTER TABLE `answers` ENABLE KEYS */;
UNLOCK TABLES;

--
-- Table structure for table `landmarks`
--

DROP TABLE IF EXISTS `landmarks`;
/*!40101 SET @saved_cs_client     = @@character_set_client */;
/*!40101 SET character_set_client = utf8 */;
CREATE TABLE `landmarks` (
  `ons_label` varchar(4) NOT NULL,
  `name` varchar(100) NOT NULL,
  `lat` decimal(12,10) NOT NULL,
  `lon` decimal(12,10) NOT NULL,
  PRIMARY KEY (`ons_label`),
  UNIQUE KEY `tfl_id_UNIQUE` (`ons_label`)
) ENGINE=InnoDB DEFAULT CHARSET=utf8;
/*!40101 SET character_set_client = @saved_cs_client */;

--
-- Dumping data for table `landmarks`
--

LOCK TABLES `landmarks` WRITE;
/*!40000 ALTER TABLE `landmarks` DISABLE KEYS */;
INSERT INTO `landmarks` VALUES ('a','University View APT',38.9922640000,-76.9332980000),('b','College Park Shopping Center',38.9805190000,-76.9379710000),('c','Graduate Hills APT',38.9850500000,-76.9555890000);
/*!40000 ALTER TABLE `landmarks` ENABLE KEYS */;
UNLOCK TABLES;

--
-- Table structure for table `points`
--

DROP TABLE IF EXISTS `points`;
/*!40101 SET @saved_cs_client     = @@character_set_client */;
/*!40101 SET character_set_client = utf8 */;
CREATE TABLE `points` (
  `id` bigint(20) unsigned NOT NULL,
  `lat` decimal(12,10) NOT NULL,
  `lon` decimal(12,10) NOT NULL,
  `fake` tinyint(4) DEFAULT NULL,
  `reported` int(10) unsigned DEFAULT '0',
  `landmark_id` varchar(4) NOT NULL,
  `address_id` int(10) unsigned NOT NULL,
  PRIMARY KEY (`id`),
  UNIQUE KEY `id_UNIQUE` (`id`)
) ENGINE=InnoDB DEFAULT CHARSET=utf8;
/*!40101 SET character_set_client = @saved_cs_client */;

--
-- Dumping data for table `points`
--

LOCK TABLES `points` WRITE;
/*!40000 ALTER TABLE `points` DISABLE KEYS */;
INSERT INTO `points` VALUES (0,38.9922640000,-76.9332980000,NULL,0,'a',0),(1,38.9805190000,-76.9379710000,NULL,0,'b',1),(2,38.9850500000,-76.9555890000,NULL,0,'c',3);
/*!40000 ALTER TABLE `points` ENABLE KEYS */;
UNLOCK TABLES;

--
-- Table structure for table `users`
--

DROP TABLE IF EXISTS `users`;
/*!40101 SET @saved_cs_client     = @@character_set_client */;
/*!40101 SET character_set_client = utf8 */;
CREATE TABLE `users` (
  `id` bigint(20) unsigned NOT NULL AUTO_INCREMENT,
  `ip` varchar(20) DEFAULT NULL,
  `ip_city` varchar(100) DEFAULT NULL,
  `ip_country` varchar(100) DEFAULT NULL,
  `ip_lat` decimal(12,10) DEFAULT NULL,
  `ip_lon` decimal(12,10) DEFAULT NULL,
  `email` varchar(45) DEFAULT NULL,
  `twitter` varchar(45) DEFAULT NULL,
  `gender` char(1) DEFAULT NULL,
  `postcode` varchar(45) DEFAULT NULL,
  `city` varchar(100) DEFAULT NULL,
  `country` varchar(100) DEFAULT NULL,
  `age` varchar(3) DEFAULT NULL,
  `ethnic` varchar(45) DEFAULT NULL,
  `occupation` varchar(45) DEFAULT NULL,
  `username` varchar(45) DEFAULT NULL,
  PRIMARY KEY (`id`)
) ENGINE=InnoDB AUTO_INCREMENT=118 DEFAULT CHARSET=utf8;
/*!40101 SET character_set_client = @saved_cs_client */;

--
-- Dumping data for table `users`
--

LOCK TABLES `users` WRITE;
/*!40000 ALTER TABLE `users` DISABLE KEYS */;
INSERT INTO `users` VALUES (1,'31.170.160.110','','',0.0000000000,0.0000000000,NULL,NULL,NULL,NULL,NULL,NULL,NULL,NULL,NULL,NULL),(2,'31.170.160.110','','',0.0000000000,0.0000000000,NULL,NULL,NULL,NULL,NULL,NULL,NULL,NULL,NULL,NULL),(3,'31.170.160.110','','',0.0000000000,0.0000000000,NULL,NULL,NULL,NULL,NULL,NULL,NULL,NULL,NULL,NULL),(4,'31.170.160.110','','',0.0000000000,0.0000000000,NULL,NULL,NULL,NULL,NULL,NULL,NULL,NULL,NULL,NULL),(5,'31.170.160.110','','',0.0000000000,0.0000000000,NULL,NULL,NULL,NULL,NULL,NULL,NULL,NULL,NULL,NULL),(6,'31.170.160.110','','',0.0000000000,0.0000000000,NULL,NULL,NULL,NULL,NULL,NULL,NULL,NULL,NULL,NULL),(7,'31.170.160.110','','',0.0000000000,0.0000000000,NULL,NULL,NULL,NULL,NULL,NULL,NULL,NULL,NULL,NULL),(8,'31.170.160.110','','',0.0000000000,0.0000000000,NULL,NULL,NULL,NULL,NULL,NULL,NULL,NULL,NULL,NULL),(9,'31.170.160.110','','',0.0000000000,0.0000000000,NULL,NULL,NULL,NULL,NULL,NULL,NULL,NULL,NULL,NULL),(10,'31.170.160.110','','',0.0000000000,0.0000000000,NULL,NULL,NULL,NULL,NULL,NULL,NULL,NULL,NULL,NULL),(11,'31.170.160.110','','',0.0000000000,0.0000000000,NULL,NULL,NULL,NULL,NULL,NULL,NULL,NULL,NULL,NULL),(12,'31.170.160.110','','',0.0000000000,0.0000000000,NULL,NULL,NULL,NULL,NULL,NULL,NULL,NULL,NULL,NULL),(13,'31.170.160.110','','',0.0000000000,0.0000000000,NULL,NULL,NULL,NULL,NULL,NULL,NULL,NULL,NULL,NULL),(14,'31.170.160.110','','',0.0000000000,0.0000000000,NULL,NULL,NULL,NULL,NULL,NULL,NULL,NULL,NULL,NULL),(15,'31.170.160.110','','',0.0000000000,0.0000000000,NULL,NULL,NULL,NULL,NULL,NULL,NULL,NULL,NULL,NULL),(16,'31.170.160.110','','',0.0000000000,0.0000000000,NULL,NULL,NULL,NULL,NULL,NULL,NULL,NULL,NULL,NULL),(17,'31.170.160.110','','',0.0000000000,0.0000000000,NULL,NULL,NULL,NULL,NULL,NULL,NULL,NULL,NULL,NULL),(18,'31.170.160.110','','',0.0000000000,0.0000000000,NULL,NULL,NULL,NULL,NULL,NULL,NULL,NULL,NULL,NULL),(19,'31.170.160.110','','',0.0000000000,0.0000000000,NULL,NULL,NULL,NULL,NULL,NULL,NULL,NULL,NULL,NULL),(20,'31.170.160.110','','',0.0000000000,0.0000000000,NULL,NULL,NULL,NULL,NULL,NULL,NULL,NULL,NULL,NULL),(21,'31.170.160.110','','',0.0000000000,0.0000000000,NULL,NULL,NULL,NULL,NULL,NULL,NULL,NULL,NULL,NULL),(22,'31.170.160.110','','',0.0000000000,0.0000000000,NULL,NULL,NULL,NULL,NULL,NULL,NULL,NULL,NULL,NULL),(23,'31.170.160.110','','',0.0000000000,0.0000000000,NULL,NULL,NULL,NULL,NULL,NULL,NULL,NULL,NULL,NULL),(24,'31.170.160.110','','',0.0000000000,0.0000000000,NULL,NULL,NULL,NULL,NULL,NULL,NULL,NULL,NULL,NULL),(25,'31.170.160.110','','',0.0000000000,0.0000000000,NULL,NULL,NULL,NULL,NULL,NULL,NULL,NULL,NULL,NULL),(26,'31.170.160.110','','',0.0000000000,0.0000000000,NULL,NULL,NULL,NULL,NULL,NULL,NULL,NULL,NULL,NULL),(27,'31.170.160.110','','',0.0000000000,0.0000000000,NULL,NULL,NULL,NULL,NULL,NULL,NULL,NULL,NULL,NULL),(28,'31.170.160.110','','',0.0000000000,0.0000000000,NULL,NULL,NULL,NULL,NULL,NULL,NULL,NULL,NULL,NULL),(29,'31.170.160.110','','',0.0000000000,0.0000000000,NULL,NULL,NULL,NULL,NULL,NULL,NULL,NULL,NULL,NULL),(30,'31.170.160.110','','',0.0000000000,0.0000000000,'asdf@adsf','asdf','M','12345',NULL,NULL,'12','asian','no','hi'),(31,'31.170.160.110','','',0.0000000000,0.0000000000,NULL,NULL,NULL,NULL,NULL,NULL,NULL,NULL,NULL,NULL),(32,'31.170.160.110','','',0.0000000000,0.0000000000,NULL,NULL,NULL,NULL,NULL,NULL,NULL,NULL,NULL,NULL),(33,'31.170.160.110','','',0.0000000000,0.0000000000,NULL,NULL,NULL,NULL,NULL,NULL,NULL,NULL,NULL,NULL),(34,'31.170.160.110','','',0.0000000000,0.0000000000,NULL,NULL,NULL,NULL,NULL,NULL,NULL,NULL,NULL,NULL),(35,'31.170.160.110','','',0.0000000000,0.0000000000,NULL,NULL,NULL,NULL,NULL,NULL,NULL,NULL,NULL,NULL),(36,'31.170.160.110','','',0.0000000000,0.0000000000,NULL,NULL,NULL,NULL,NULL,NULL,NULL,NULL,NULL,NULL),(37,'31.170.160.110','','',0.0000000000,0.0000000000,NULL,NULL,NULL,NULL,NULL,NULL,NULL,NULL,NULL,NULL),(38,'31.170.160.110','','',0.0000000000,0.0000000000,NULL,NULL,NULL,NULL,NULL,NULL,NULL,NULL,NULL,NULL),(39,'31.170.160.110','','',0.0000000000,0.0000000000,NULL,NULL,NULL,NULL,NULL,NULL,NULL,NULL,NULL,NULL),(40,'31.170.160.110','','',0.0000000000,0.0000000000,NULL,NULL,NULL,NULL,NULL,NULL,NULL,NULL,NULL,NULL),(41,'31.170.160.110','','',0.0000000000,0.0000000000,NULL,NULL,NULL,NULL,NULL,NULL,NULL,NULL,NULL,NULL),(42,'31.170.160.110','','',0.0000000000,0.0000000000,NULL,NULL,NULL,NULL,NULL,NULL,NULL,NULL,NULL,NULL),(43,'31.170.160.110','','',0.0000000000,0.0000000000,'asdf@adsf','asdf','M','12345',NULL,NULL,'12','asian','no','hi'),(44,'31.170.160.110','','',0.0000000000,0.0000000000,NULL,NULL,NULL,NULL,NULL,NULL,NULL,NULL,NULL,NULL),(45,'31.170.160.110','','',0.0000000000,0.0000000000,NULL,NULL,NULL,NULL,NULL,NULL,NULL,NULL,NULL,NULL),(46,'31.170.160.110','','',0.0000000000,0.0000000000,NULL,NULL,NULL,NULL,NULL,NULL,NULL,NULL,NULL,NULL),(47,'31.170.160.110','','',0.0000000000,0.0000000000,'asdf@adsf','asdf','M','12345',NULL,NULL,'12','asian','no','hi'),(48,'98.233.19.60','','',0.0000000000,0.0000000000,NULL,NULL,NULL,NULL,NULL,NULL,NULL,NULL,NULL,NULL),(49,'98.233.19.60','','',0.0000000000,0.0000000000,NULL,NULL,NULL,NULL,NULL,NULL,NULL,NULL,NULL,NULL),(50,'98.233.19.60','','',0.0000000000,0.0000000000,NULL,NULL,NULL,NULL,NULL,NULL,NULL,NULL,NULL,NULL),(51,'98.233.19.60','','',0.0000000000,0.0000000000,NULL,NULL,NULL,NULL,NULL,NULL,NULL,NULL,NULL,NULL),(52,'98.233.19.60','','',0.0000000000,0.0000000000,NULL,NULL,NULL,NULL,NULL,NULL,NULL,NULL,NULL,NULL),(53,'129.2.129.39','','',0.0000000000,0.0000000000,NULL,NULL,NULL,NULL,NULL,NULL,NULL,NULL,NULL,NULL),(54,'173.192.239.226','','',0.0000000000,0.0000000000,NULL,NULL,NULL,NULL,NULL,NULL,NULL,NULL,NULL,NULL),(55,'98.233.19.60','','',0.0000000000,0.0000000000,NULL,NULL,NULL,NULL,NULL,NULL,NULL,NULL,NULL,NULL),(56,'128.8.39.153','','',0.0000000000,0.0000000000,NULL,NULL,NULL,NULL,NULL,NULL,NULL,NULL,NULL,NULL),(57,'31.170.160.110','','',0.0000000000,0.0000000000,NULL,NULL,NULL,NULL,NULL,NULL,NULL,NULL,NULL,NULL),(58,'31.170.160.110','','',0.0000000000,0.0000000000,NULL,NULL,NULL,NULL,NULL,NULL,NULL,NULL,NULL,NULL),(59,'31.170.160.110','','',0.0000000000,0.0000000000,NULL,NULL,NULL,NULL,NULL,NULL,NULL,NULL,NULL,NULL),(60,'31.170.160.110','','',0.0000000000,0.0000000000,NULL,NULL,NULL,NULL,NULL,NULL,NULL,NULL,NULL,NULL),(61,'31.170.160.110','','',0.0000000000,0.0000000000,NULL,NULL,NULL,NULL,NULL,NULL,NULL,NULL,NULL,NULL),(62,'31.170.160.110','','',0.0000000000,0.0000000000,NULL,NULL,NULL,NULL,NULL,NULL,NULL,NULL,NULL,NULL),(63,'31.170.160.110','','',0.0000000000,0.0000000000,NULL,NULL,NULL,NULL,NULL,NULL,NULL,NULL,NULL,NULL),(64,'31.170.160.110','','',0.0000000000,0.0000000000,NULL,NULL,NULL,NULL,NULL,NULL,NULL,NULL,NULL,NULL),(65,'31.170.160.110','','',0.0000000000,0.0000000000,NULL,NULL,NULL,NULL,NULL,NULL,NULL,NULL,NULL,NULL),(66,'31.170.160.110','','',0.0000000000,0.0000000000,NULL,NULL,NULL,NULL,NULL,NULL,NULL,NULL,NULL,NULL),(67,'31.170.160.110','','',0.0000000000,0.0000000000,NULL,NULL,NULL,NULL,NULL,NULL,NULL,NULL,NULL,NULL),(68,'31.170.160.110','','',0.0000000000,0.0000000000,NULL,NULL,NULL,NULL,NULL,NULL,NULL,NULL,NULL,NULL),(69,'31.170.160.110','','',0.0000000000,0.0000000000,NULL,NULL,NULL,NULL,NULL,NULL,NULL,NULL,NULL,NULL),(70,'31.170.160.110','','',0.0000000000,0.0000000000,NULL,NULL,NULL,NULL,NULL,NULL,NULL,NULL,NULL,NULL),(71,'31.170.160.110','','',0.0000000000,0.0000000000,NULL,NULL,NULL,NULL,NULL,NULL,NULL,NULL,NULL,NULL),(72,'31.170.160.110','','',0.0000000000,0.0000000000,NULL,NULL,NULL,NULL,NULL,NULL,NULL,NULL,NULL,NULL),(73,'31.170.160.110','','',0.0000000000,0.0000000000,NULL,NULL,NULL,NULL,NULL,NULL,NULL,NULL,NULL,NULL),(74,'31.170.160.110','','',0.0000000000,0.0000000000,NULL,NULL,NULL,NULL,NULL,NULL,NULL,NULL,NULL,NULL),(75,'31.170.160.110','','',0.0000000000,0.0000000000,NULL,NULL,NULL,NULL,NULL,NULL,NULL,NULL,NULL,NULL),(76,'31.170.160.110','','',0.0000000000,0.0000000000,NULL,NULL,NULL,NULL,NULL,NULL,NULL,NULL,NULL,NULL),(77,'31.170.160.110','','',0.0000000000,0.0000000000,NULL,NULL,NULL,NULL,NULL,NULL,NULL,NULL,NULL,NULL),(78,'31.170.160.110','','',0.0000000000,0.0000000000,NULL,NULL,NULL,NULL,NULL,NULL,NULL,NULL,NULL,NULL),(79,'31.170.160.110','','',0.0000000000,0.0000000000,NULL,NULL,NULL,NULL,NULL,NULL,NULL,NULL,NULL,NULL),(80,'31.170.160.110','','',0.0000000000,0.0000000000,NULL,NULL,NULL,NULL,NULL,NULL,NULL,NULL,NULL,NULL),(81,'31.170.160.110','','',0.0000000000,0.0000000000,NULL,NULL,NULL,NULL,NULL,NULL,NULL,NULL,NULL,NULL),(82,'31.170.160.110','','',0.0000000000,0.0000000000,NULL,NULL,NULL,NULL,NULL,NULL,NULL,NULL,NULL,NULL),(83,'31.170.160.110','','',0.0000000000,0.0000000000,NULL,NULL,NULL,NULL,NULL,NULL,NULL,NULL,NULL,NULL),(84,'31.170.160.110','','',0.0000000000,0.0000000000,NULL,NULL,NULL,NULL,NULL,NULL,NULL,NULL,NULL,NULL),(85,'31.170.160.110','','',0.0000000000,0.0000000000,NULL,NULL,NULL,NULL,NULL,NULL,NULL,NULL,NULL,NULL),(86,'31.170.160.110','','',0.0000000000,0.0000000000,NULL,NULL,NULL,NULL,NULL,NULL,NULL,NULL,NULL,NULL),(87,'31.170.160.110','','',0.0000000000,0.0000000000,NULL,NULL,NULL,NULL,NULL,NULL,NULL,NULL,NULL,NULL),(88,'31.170.160.110','','',0.0000000000,0.0000000000,NULL,NULL,NULL,NULL,NULL,NULL,NULL,NULL,NULL,NULL),(89,'31.170.160.110','','',0.0000000000,0.0000000000,NULL,NULL,NULL,NULL,NULL,NULL,NULL,NULL,NULL,NULL),(90,'31.170.160.110','','',0.0000000000,0.0000000000,NULL,NULL,NULL,NULL,NULL,NULL,NULL,NULL,NULL,NULL),(91,'31.170.160.110','','',0.0000000000,0.0000000000,NULL,NULL,NULL,NULL,NULL,NULL,NULL,NULL,NULL,NULL),(92,'31.170.160.110','','',0.0000000000,0.0000000000,NULL,NULL,NULL,NULL,NULL,NULL,NULL,NULL,NULL,NULL),(93,'31.170.160.110','','',0.0000000000,0.0000000000,NULL,NULL,NULL,NULL,NULL,NULL,NULL,NULL,NULL,NULL),(94,'31.170.160.110','','',0.0000000000,0.0000000000,NULL,NULL,NULL,NULL,NULL,NULL,NULL,NULL,NULL,NULL),(95,'31.170.160.110','','',0.0000000000,0.0000000000,NULL,NULL,NULL,NULL,NULL,NULL,NULL,NULL,NULL,NULL),(96,'31.170.160.110','','',0.0000000000,0.0000000000,NULL,NULL,NULL,NULL,NULL,NULL,NULL,NULL,NULL,NULL),(97,'31.170.160.110','','',0.0000000000,0.0000000000,NULL,NULL,NULL,NULL,NULL,NULL,NULL,NULL,NULL,NULL),(98,'31.170.160.110','','',0.0000000000,0.0000000000,NULL,NULL,NULL,NULL,NULL,NULL,NULL,NULL,NULL,NULL),(99,'31.170.160.110','','',0.0000000000,0.0000000000,NULL,NULL,NULL,NULL,NULL,NULL,NULL,NULL,NULL,NULL),(100,'31.170.160.110','','',0.0000000000,0.0000000000,NULL,NULL,NULL,NULL,NULL,NULL,NULL,NULL,NULL,NULL),(101,'31.170.160.110','','',0.0000000000,0.0000000000,NULL,NULL,NULL,NULL,NULL,NULL,NULL,NULL,NULL,NULL),(102,'31.170.160.110','','',0.0000000000,0.0000000000,NULL,NULL,NULL,NULL,NULL,NULL,NULL,NULL,NULL,NULL),(103,'31.170.160.110','','',0.0000000000,0.0000000000,NULL,NULL,NULL,NULL,NULL,NULL,NULL,NULL,NULL,NULL),(104,'31.170.160.110','','',0.0000000000,0.0000000000,NULL,NULL,NULL,NULL,NULL,NULL,NULL,NULL,NULL,NULL),(105,'31.170.160.110','','',0.0000000000,0.0000000000,NULL,NULL,NULL,NULL,NULL,NULL,NULL,NULL,NULL,NULL),(106,'31.170.160.110','','',0.0000000000,0.0000000000,NULL,NULL,NULL,NULL,NULL,NULL,NULL,NULL,NULL,NULL),(107,'31.170.160.110','','',0.0000000000,0.0000000000,NULL,NULL,NULL,NULL,NULL,NULL,NULL,NULL,NULL,NULL),(108,'31.170.160.110','','',0.0000000000,0.0000000000,NULL,NULL,NULL,NULL,NULL,NULL,NULL,NULL,NULL,NULL),(109,'31.170.160.110','','',0.0000000000,0.0000000000,NULL,NULL,NULL,NULL,NULL,NULL,NULL,NULL,NULL,NULL),(110,'31.170.160.110','','',0.0000000000,0.0000000000,NULL,NULL,NULL,NULL,NULL,NULL,NULL,NULL,NULL,NULL),(111,'31.170.160.110','','',0.0000000000,0.0000000000,NULL,NULL,NULL,NULL,NULL,NULL,NULL,NULL,NULL,NULL),(112,'31.170.160.110','','',0.0000000000,0.0000000000,NULL,NULL,NULL,NULL,NULL,NULL,NULL,NULL,NULL,NULL),(113,'31.170.160.110','','',0.0000000000,0.0000000000,NULL,NULL,NULL,NULL,NULL,NULL,NULL,NULL,NULL,NULL),(114,'31.170.160.110','','',0.0000000000,0.0000000000,NULL,NULL,NULL,NULL,NULL,NULL,NULL,NULL,NULL,NULL),(115,'31.170.160.110','','',0.0000000000,0.0000000000,NULL,NULL,NULL,NULL,NULL,NULL,NULL,NULL,NULL,NULL),(116,'31.170.160.110','','',0.0000000000,0.0000000000,NULL,NULL,NULL,NULL,NULL,NULL,NULL,NULL,NULL,NULL),(117,'31.170.160.110','','',0.0000000000,0.0000000000,NULL,NULL,NULL,NULL,NULL,NULL,NULL,NULL,NULL,NULL);
/*!40000 ALTER TABLE `users` ENABLE KEYS */;
UNLOCK TABLES;
/*!40103 SET TIME_ZONE=@OLD_TIME_ZONE */;

/*!40101 SET SQL_MODE=@OLD_SQL_MODE */;
/*!40014 SET FOREIGN_KEY_CHECKS=@OLD_FOREIGN_KEY_CHECKS */;
/*!40014 SET UNIQUE_CHECKS=@OLD_UNIQUE_CHECKS */;
/*!40101 SET CHARACTER_SET_CLIENT=@OLD_CHARACTER_SET_CLIENT */;
/*!40101 SET CHARACTER_SET_RESULTS=@OLD_CHARACTER_SET_RESULTS */;
/*!40101 SET COLLATION_CONNECTION=@OLD_COLLATION_CONNECTION */;
/*!40111 SET SQL_NOTES=@OLD_SQL_NOTES */;

-- Dump completed on 2014-02-11 22:39:00
